"Image_FileName_brightfield","Image_PathName_brightfield","Metadata_fld","Metadata_channel","Metadata_parent","Metadata_original","Metadata_zst"
"r01c01f01p07-ch1sk1fk1fl1.tiff","/home/ubuntu/bucket/inbox/000012045003__2018-09-28T20_42_19-Measurement_5/Images","f01","ch1","000012045003__2018-09-28T20_42_19-Measurement_5","r01c01f01p07-ch1sk1fk1fl1","07"
"r01c01f02p07-ch1sk1fk1fl1.tiff","/home/ubuntu/bucket/inbox/000012045003__2018-09-28T20_42_19-Measurement_5/Images","f02","ch1","000012045003__2018-09-28T20_42_19-Measurement_5","r01c01f02p07-ch1sk1fk1fl1","07"
"r01c01f03p07-ch1sk1fk1fl1.tiff","/home/ubuntu/bucket/inbox/000012045003__2018-09-28T20_42_19-Measurement_5/Images","f03","ch1","000012045003__2018-09-28T20_42_19-Measurement_5","r01c01f03p07-ch1sk1fk1fl1","07"
"r01c01f04p07-ch1sk1fk1fl1.tiff","/home/ubuntu/bucket/inbox/000012045003__2018-09-28T20_42_19-Measurement_5/Images","f04","ch1","000012045003__2018-09-28T20_42_19-Measurement_5","r01c01f04p07-ch1sk1fk1fl1","07"
"r01c01f05p07-ch1sk1fk1fl1.tiff","/home/ubuntu/bucket/inbox/000012045003__2018-09-28T20_42_19-Measurement_5/Images","f05","ch1","000012045003__2018-09-28T20_42_19-Measurement_5","r01c01f05p07-ch1sk1fk1fl1","07"
"r01c02f01p07-ch1sk1fk1fl1.tiff","/home/ubuntu/bucket/inbox/000012045003__2018-09-28T20_42_19-Measurement_5/Images","f01","ch1","000012045003__2018-09-28T20_42_19-Measurement_5","r01c02f01p07-ch1sk1fk1fl1","07"
"r01c02f02p07-ch1sk1fk1fl1.tiff","/home/ubuntu/bucket/inbox/000012045003__2018-09-28T20_42_19-Measurement_5/Images","f02","ch1","000012045003__2018-09-28T20_42_19-Measurement_5","r01c02f02p07-ch1sk1fk1fl1","07"
"r01c02f03p07-ch1sk1fk1fl1.tiff","/home/ubuntu/bucket/inbox/000012045003__2018-09-28T20_42_19-Measurement_5/Images","f03","ch1","000012045003__2018-09-28T20_42_19-Measurement_5","r01c02f03p07-ch1sk1fk1fl1","07"
"r01c02f04p07-ch1sk1fk1fl1.tiff","/home/ubuntu/bucket/inbox/000012045003__2018-09-28T20_42_19-Measurement_5/Images","f04","ch1","000012045003__2018-09-28T20_42_19-Measurement_5","r01c02f04p07-ch1sk1fk1fl1","07"
"r01c02f05p07-ch1sk1fk1fl1.tiff","/home/ubuntu/bucket/inbox/000012045003__2018-09-28T20_42_19-Measurement_5/Images","f05","ch1","000012045003__2018-09-28T20_42_19-Measurement_5","r01c02f05p07-ch1sk1fk1fl1","07"
"r01c03f01p07-ch1sk1fk1fl1.tiff","/home/ubuntu/bucket/inbox/000012045003__2018-09-28T20_42_19-Measurement_5/Images","f01","ch1","000012045003__2018-09-28T20_42_19-Measurement_5","r01c03f01p07-ch1sk1fk1fl1","07"
"r01c03f02p07-ch1sk1fk1fl1.tiff","/home/ubuntu/bucket/inbox/000012045003__2018-09-28T20_42_19-Measurement_5/Images","f02","ch1","000012045003__2018-09-28T20_42_19-Measurement_5","r01c03f02p07-ch1sk1fk1fl1","07"
"r01c03f03p07-ch1sk1fk1fl1.tiff","/home/ubuntu/bucket/inbox/000012045003__2018-09-28T20_42_19-Measurement_5/Images","f03","ch1","000012045003__2018-09-28T20_42_19-Measurement_5","r01c03f03p07-ch1sk1fk1fl1","07"
"r01c03f04p07-ch1sk1fk1fl1.tiff","/home/ubuntu/bucket/inbox/000012045003__2018-09-28T20_42_19-Measurement_5/Images","f04","ch1","000012045003__2018-09-28T20_42_19-Measurement_5","r01c03f04p07-ch1sk1fk1fl1","07"
"r01c03f05p07-ch1sk1fk1fl1.tiff","/home/ubuntu/bucket/inbox/000012045003__2018-09-28T20_42_19-Measurement_5/Images","f05","ch1","000012045003__2018-09-28T20_42_19-Measurement_5","r01c03f05p07-ch1sk1fk1fl1","07"
"r01c04f01p07-ch1sk1fk1fl1.tiff","/home/ubuntu/bucket/inbox/000012045003__2018-09-28T20_42_19-Measurement_5/Images","f01","ch1","000012045003__2018-09-28T20_42_19-Measurement_5","r01c04f01p07-ch1sk1fk1fl1","07"
"r01c04f02p07-ch1sk1fk1fl1.tiff","/home/ubuntu/bucket/inbox/000012045003__2018-09-28T20_42_19-Measurement_5/Images","f02","ch1","000012045003__2018-09-28T20_42_19-Measurement_5","r01c04f02p07-ch1sk1fk1fl1","07"
"r01c04f03p07-ch1sk1fk1fl1.tiff","/home/ubuntu/bucket/inbox/000012045003__2018-09-28T20_42_19-Measurement_5/Images","f03","ch1","000012045003__2018-09-28T20_42_19-Measurement_5","r01c04f03p07-ch1sk1fk1fl1","07"
"r01c04f04p07-ch1sk1fk1fl1.tiff","/home/ubuntu/bucket/inbox/000012045003__2018-09-28T20_42_19-Measurement_5/Images","f04","ch1","000012045003__2018-09-28T20_42_19-Measurement_5","r01c04f04p07-ch1sk1fk1fl1","07"
"r01c04f05p07-ch1sk1fk1fl1.tiff","/home/ubuntu/bucket/inbox/000012045003__2018-09-28T20_42_19-Measurement_5/Images","f05","ch1","000012045003__2018-09-28T20_42_19-Measurement_5","r01c04f05p07-ch1sk1fk1fl1","07"
"r01c05f01p07-ch1sk1fk1fl1.tiff","/home/ubuntu/bucket/inbox/000012045003__2018-09-28T20_42_19-Measurement_5/Images","f01","ch1","000012045003__2018-09-28T20_42_19-Measurement_5","r01c05f01p07-ch1sk1fk1fl1","07"
"r01c05f02p07-ch1sk1fk1fl1.tiff","/home/ubuntu/bucket/inbox/000012045003__2018-09-28T20_42_19-Measurement_5/Images","f02","ch1","000012045003__2018-09-28T20_42_19-Measurement_5","r01c05f02p07-ch1sk1fk1fl1","07"
"r01c05f03p07-ch1sk1fk1fl1.tiff","/home/ubuntu/bucket/inbox/000012045003__2018-09-28T20_42_19-Measurement_5/Images","f03","ch1","000012045003__2018-09-28T20_42_19-Measurement_5","r01c05f03p07-ch1sk1fk1fl1","07"
"r01c05f04p07-ch1sk1fk1fl1.tiff","/home/ubuntu/bucket/inbox/000012045003__2018-09-28T20_42_19-Measurement_5/Images","f04","ch1","000012045003__2018-09-28T20_42_19-Measurement_5","r01c05f04p07-ch1sk1fk1fl1","07"
"r01c05f05p07-ch1sk1fk1fl1.tiff","/home/ubuntu/bucket/inbox/000012045003__2018-09-28T20_42_19-Measurement_5/Images","f05","ch1","000012045003__2018-09-28T20_42_19-Measurement_5","r01c05f05p07-ch1sk1fk1fl1","07"
"r01c06f01p07-ch1sk1fk1fl1.tiff","/home/ubuntu/bucket/inbox/000012045003__2018-09-28T20_42_19-Measurement_5/Images","f01","ch1","000012045003__2018-09-28T20_42_19-Measurement_5","r01c06f01p07-ch1sk1fk1fl1","07"
"r01c06f02p07-ch1sk1fk1fl1.tiff","/home/ubuntu/bucket/inbox/000012045003__2018-09-28T20_42_19-Measurement_5/Images","f02","ch1","000012045003__2018-09-28T20_42_19-Measurement_5","r01c06f02p07-ch1sk1fk1fl1","07"
"r01c06f03p07-ch1sk1fk1fl1.tiff","/home/ubuntu/bucket/inbox/000012045003__2018-09-28T20_42_19-Measurement_5/Images","f03","ch1","000012045003__2018-09-28T20_42_19-Measurement_5","r01c06f03p07-ch1sk1fk1fl1","07"
"r01c06f04p07-ch1sk1fk1fl1.tiff","/home/ubuntu/bucket/inbox/000012045003__2018-09-28T20_42_19-Measurement_5/Images","f04","ch1","000012045003__2018-09-28T20_42_19-Measurement_5","r01c06f04p07-ch1sk1fk1fl1","07"
"r01c06f05p07-ch1sk1fk1fl1.tiff","/home/ubuntu/bucket/inbox/000012045003__2018-09-28T20_42_19-Measurement_5/Images","f05","ch1","000012045003__2018-09-28T20_42_19-Measurement_5","r01c06f05p07-ch1sk1fk1fl1","07"
"r01c07f01p07-ch1sk1fk1fl1.tiff","/home/ubuntu/bucket/inbox/000012045003__2018-09-28T20_42_19-Measurement_5/Images","f01","ch1","000012045003__2018-09-28T20_42_19-Measurement_5","r01c07f01p07-ch1sk1fk1fl1","07"
"r01c07f02p07-ch1sk1fk1fl1.tiff","/home/ubuntu/bucket/inbox/000012045003__2018-09-28T20_42_19-Measurement_5/Images","f02","ch1","000012045003__2018-09-28T20_42_19-Measurement_5","r01c07f02p07-ch1sk1fk1fl1","07"
"r01c07f03p07-ch1sk1fk1fl1.tiff","/home/ubuntu/bucket/inbox/000012045003__2018-09-28T20_42_19-Measurement_5/Images","f03","ch1","000012045003__2018-09-28T20_42_19-Measurement_5","r01c07f03p07-ch1sk1fk1fl1","07"
"r01c07f04p07-ch1sk1fk1fl1.tiff","/home/ubuntu/bucket/inbox/000012045003__2018-09-28T20_42_19-Measurement_5/Images","f04","ch1","000012045003__2018-09-28T20_42_19-Measurement_5","r01c07f04p07-ch1sk1fk1fl1","07"
"r01c07f05p07-ch1sk1fk1fl1.tiff","/home/ubuntu/bucket/inbox/000012045003__2018-09-28T20_42_19-Measurement_5/Images","f05","ch1","000012045003__2018-09-28T20_42_19-Measurement_5","r01c07f05p07-ch1sk1fk1fl1","07"
"r01c08f01p07-ch1sk1fk1fl1.tiff","/home/ubuntu/bucket/inbox/000012045003__2018-09-28T20_42_19-Measurement_5/Images","f01","ch1","000012045003__2018-09-28T20_42_19-Measurement_5","r01c08f01p07-ch1sk1fk1fl1","07"
"r01c08f02p07-ch1sk1fk1fl1.tiff","/home/ubuntu/bucket/inbox/000012045003__2018-09-28T20_42_19-Measurement_5/Images","f02","ch1","000012045003__2018-09-28T20_42_19-Measurement_5","r01c08f02p07-ch1sk1fk1fl1","07"
"r01c08f03p07-ch1sk1fk1fl1.tiff","/home/ubuntu/bucket/inbox/000012045003__2018-09-28T20_42_19-Measurement_5/Images","f03","ch1","000012045003__2018-09-28T20_42_19-Measurement_5","r01c08f03p07-ch1sk1fk1fl1","07"
"r01c08f04p07-ch1sk1fk1fl1.tiff","/home/ubuntu/bucket/inbox/000012045003__2018-09-28T20_42_19-Measurement_5/Images","f04","ch1","000012045003__2018-09-28T20_42_19-Measurement_5","r01c08f04p07-ch1sk1fk1fl1","07"
"r01c08f05p07-ch1sk1fk1fl1.tiff","/home/ubuntu/bucket/inbox/000012045003__2018-09-28T20_42_19-Measurement_5/Images","f05","ch1","000012045003__2018-09-28T20_42_19-Measurement_5","r01c08f05p07-ch1sk1fk1fl1","07"
"r01c09f01p07-ch1sk1fk1fl1.tiff","/home/ubuntu/bucket/inbox/000012045003__2018-09-28T20_42_19-Measurement_5/Images","f01","ch1","000012045003__2018-09-28T20_42_19-Measurement_5","r01c09f01p07-ch1sk1fk1fl1","07"
"r01c09f02p07-ch1sk1fk1fl1.tiff","/home/ubuntu/bucket/inbox/000012045003__2018-09-28T20_42_19-Measurement_5/Images","f02","ch1","000012045003__2018-09-28T20_42_19-Measurement_5","r01c09f02p07-ch1sk1fk1fl1","07"
"r01c09f03p07-ch1sk1fk1fl1.tiff","/home/ubuntu/bucket/inbox/000012045003__2018-09-28T20_42_19-Measurement_5/Images","f03","ch1","000012045003__2018-09-28T20_42_19-Measurement_5","r01c09f03p07-ch1sk1fk1fl1","07"
"r01c09f04p07-ch1sk1fk1fl1.tiff","/home/ubuntu/bucket/inbox/000012045003__2018-09-28T20_42_19-Measurement_5/Images","f04","ch1","000012045003__2018-09-28T20_42_19-Measurement_5","r01c09f04p07-ch1sk1fk1fl1","07"
"r01c09f05p07-ch1sk1fk1fl1.tiff","/home/ubuntu/bucket/inbox/000012045003__2018-09-28T20_42_19-Measurement_5/Images","f05","ch1","000012045003__2018-09-28T20_42_19-Measurement_5","r01c09f05p07-ch1sk1fk1fl1","07"
"r01c10f01p07-ch1sk1fk1fl1.tiff","/home/ubuntu/bucket/inbox/000012045003__2018-09-28T20_42_19-Measurement_5/Images","f01","ch1","000012045003__2018-09-28T20_42_19-Measurement_5","r01c10f01p07-ch1sk1fk1fl1","07"
"r01c10f02p07-ch1sk1fk1fl1.tiff","/home/ubuntu/bucket/inbox/000012045003__2018-09-28T20_42_19-Measurement_5/Images","f02","ch1","000012045003__2018-09-28T20_42_19-Measurement_5","r01c10f02p07-ch1sk1fk1fl1","07"
"r01c10f03p07-ch1sk1fk1fl1.tiff","/home/ubuntu/bucket/inbox/000012045003__2018-09-28T20_42_19-Measurement_5/Images","f03","ch1","000012045003__2018-09-28T20_42_19-Measurement_5","r01c10f03p07-ch1sk1fk1fl1","07"
"r01c10f04p07-ch1sk1fk1fl1.tiff","/home/ubuntu/bucket/inbox/000012045003__2018-09-28T20_42_19-Measurement_5/Images","f04","ch1","000012045003__2018-09-28T20_42_19-Measurement_5","r01c10f04p07-ch1sk1fk1fl1","07"
"r01c10f05p07-ch1sk1fk1fl1.tiff","/home/ubuntu/bucket/inbox/000012045003__2018-09-28T20_42_19-Measurement_5/Images","f05","ch1","000012045003__2018-09-28T20_42_19-Measurement_5","r01c10f05p07-ch1sk1fk1fl1","07"
"r01c11f01p07-ch1sk1fk1fl1.tiff","/home/ubuntu/bucket/inbox/000012045003__2018-09-28T20_42_19-Measurement_5/Images","f01","ch1","000012045003__2018-09-28T20_42_19-Measurement_5","r01c11f01p07-ch1sk1fk1fl1","07"
"r01c11f02p07-ch1sk1fk1fl1.tiff","/home/ubuntu/bucket/inbox/000012045003__2018-09-28T20_42_19-Measurement_5/Images","f02","ch1","000012045003__2018-09-28T20_42_19-Measurement_5","r01c11f02p07-ch1sk1fk1fl1","07"
"r01c11f03p07-ch1sk1fk1fl1.tiff","/home/ubuntu/bucket/inbox/000012045003__2018-09-28T20_42_19-Measurement_5/Images","f03","ch1","000012045003__2018-09-28T20_42_19-Measurement_5","r01c11f03p07-ch1sk1fk1fl1","07"
"r01c11f04p07-ch1sk1fk1fl1.tiff","/home/ubuntu/bucket/inbox/000012045003__2018-09-28T20_42_19-Measurement_5/Images","f04","ch1","000012045003__2018-09-28T20_42_19-Measurement_5","r01c11f04p07-ch1sk1fk1fl1","07"
"r01c11f05p07-ch1sk1fk1fl1.tiff","/home/ubuntu/bucket/inbox/000012045003__2018-09-28T20_42_19-Measurement_5/Images","f05","ch1","000012045003__2018-09-28T20_42_19-Measurement_5","r01c11f05p07-ch1sk1fk1fl1","07"
"r01c12f01p07-ch1sk1fk1fl1.tiff","/home/ubuntu/bucket/inbox/000012045003__2018-09-28T20_42_19-Measurement_5/Images","f01","ch1","000012045003__2018-09-28T20_42_19-Measurement_5","r01c12f01p07-ch1sk1fk1fl1","07"
"r01c12f02p07-ch1sk1fk1fl1.tiff","/home/ubuntu/bucket/inbox/000012045003__2018-09-28T20_42_19-Measurement_5/Images","f02","ch1","000012045003__2018-09-28T20_42_19-Measurement_5","r01c12f02p07-ch1sk1fk1fl1","07"
"r01c12f03p07-ch1sk1fk1fl1.tiff","/home/ubuntu/bucket/inbox/000012045003__2018-09-28T20_42_19-Measurement_5/Images","f03","ch1","000012045003__2018-09-28T20_42_19-Measurement_5","r01c12f03p07-ch1sk1fk1fl1","07"
"r01c12f04p07-ch1sk1fk1fl1.tiff","/home/ubuntu/bucket/inbox/000012045003__2018-09-28T20_42_19-Measurement_5/Images","f04","ch1","000012045003__2018-09-28T20_42_19-Measurement_5","r01c12f04p07-ch1sk1fk1fl1","07"
"r01c12f05p07-ch1sk1fk1fl1.tiff","/home/ubuntu/bucket/inbox/000012045003__2018-09-28T20_42_19-Measurement_5/Images","f05","ch1","000012045003__2018-09-28T20_42_19-Measurement_5","r01c12f05p07-ch1sk1fk1fl1","07"
"r01c13f01p07-ch1sk1fk1fl1.tiff","/home/ubuntu/bucket/inbox/000012045003__2018-09-28T20_42_19-Measurement_5/Images","f01","ch1","000012045003__2018-09-28T20_42_19-Measurement_5","r01c13f01p07-ch1sk1fk1fl1","07"
"r01c13f02p07-ch1sk1fk1fl1.tiff","/home/ubuntu/bucket/inbox/000012045003__2018-09-28T20_42_19-Measurement_5/Images","f02","ch1","000012045003__2018-09-28T20_42_19-Measurement_5","r01c13f02p07-ch1sk1fk1fl1","07"
"r01c13f03p07-ch1sk1fk1fl1.tiff","/home/ubuntu/bucket/inbox/000012045003__2018-09-28T20_42_19-Measurement_5/Images","f03","ch1","000012045003__2018-09-28T20_42_19-Measurement_5","r01c13f03p07-ch1sk1fk1fl1","07"
"r01c13f04p07-ch1sk1fk1fl1.tiff","/home/ubuntu/bucket/inbox/000012045003__2018-09-28T20_42_19-Measurement_5/Images","f04","ch1","000012045003__2018-09-28T20_42_19-Measurement_5","r01c13f04p07-ch1sk1fk1fl1","07"
"r01c13f05p07-ch1sk1fk1fl1.tiff","/home/ubuntu/bucket/inbox/000012045003__2018-09-28T20_42_19-Measurement_5/Images","f05","ch1","000012045003__2018-09-28T20_42_19-Measurement_5","r01c13f05p07-ch1sk1fk1fl1","07"
"r01c14f01p07-ch1sk1fk1fl1.tiff","/home/ubuntu/bucket/inbox/000012045003__2018-09-28T20_42_19-Measurement_5/Images","f01","ch1","000012045003__2018-09-28T20_42_19-Measurement_5","r01c14f01p07-ch1sk1fk1fl1","07"
"r01c14f02p07-ch1sk1fk1fl1.tiff","/home/ubuntu/bucket/inbox/000012045003__2018-09-28T20_42_19-Measurement_5/Images","f02","ch1","000012045003__2018-09-28T20_42_19-Measurement_5","r01c14f02p07-ch1sk1fk1fl1","07"
"r01c14f03p07-ch1sk1fk1fl1.tiff","/home/ubuntu/bucket/inbox/000012045003__2018-09-28T20_42_19-Measurement_5/Images","f03","ch1","000012045003__2018-09-28T20_42_19-Measurement_5","r01c14f03p07-ch1sk1fk1fl1","07"
"r01c14f04p07-ch1sk1fk1fl1.tiff","/home/ubuntu/bucket/inbox/000012045003__2018-09-28T20_42_19-Measurement_5/Images","f04","ch1","000012045003__2018-09-28T20_42_19-Measurement_5","r01c14f04p07-ch1sk1fk1fl1","07"
"r01c14f05p07-ch1sk1fk1fl1.tiff","/home/ubuntu/bucket/inbox/000012045003__2018-09-28T20_42_19-Measurement_5/Images","f05","ch1","000012045003__2018-09-28T20_42_19-Measurement_5","r01c14f05p07-ch1sk1fk1fl1","07"
"r01c15f01p07-ch1sk1fk1fl1.tiff","/home/ubuntu/bucket/inbox/000012045003__2018-09-28T20_42_19-Measurement_5/Images","f01","ch1","000012045003__2018-09-28T20_42_19-Measurement_5","r01c15f01p07-ch1sk1fk1fl1","07"
"r01c15f02p07-ch1sk1fk1fl1.tiff","/home/ubuntu/bucket/inbox/000012045003__2018-09-28T20_42_19-Measurement_5/Images","f02","ch1","000012045003__2018-09-28T20_42_19-Measurement_5","r01c15f02p07-ch1sk1fk1fl1","07"
"r01c15f03p07-ch1sk1fk1fl1.tiff","/home/ubuntu/bucket/inbox/000012045003__2018-09-28T20_42_19-Measurement_5/Images","f03","ch1","000012045003__2018-09-28T20_42_19-Measurement_5","r01c15f03p07-ch1sk1fk1fl1","07"
"r01c15f04p07-ch1sk1fk1fl1.tiff","/home/ubuntu/bucket/inbox/000012045003__2018-09-28T20_42_19-Measurement_5/Images","f04","ch1","000012045003__2018-09-28T20_42_19-Measurement_5","r01c15f04p07-ch1sk1fk1fl1","07"
"r01c15f05p07-ch1sk1fk1fl1.tiff","/home/ubuntu/bucket/inbox/000012045003__2018-09-28T20_42_19-Measurement_5/Images","f05","ch1","000012045003__2018-09-28T20_42_19-Measurement_5","r01c15f05p07-ch1sk1fk1fl1","07"
"r01c16f01p07-ch1sk1fk1fl1.tiff","/home/ubuntu/bucket/inbox/000012045003__2018-09-28T20_42_19-Measurement_5/Images","f01","ch1","000012045003__2018-09-28T20_42_19-Measurement_5","r01c16f01p07-ch1sk1fk1fl1","07"
"r01c16f02p07-ch1sk1fk1fl1.tiff","/home/ubuntu/bucket/inbox/000012045003__2018-09-28T20_42_19-Measurement_5/Images","f02","ch1","000012045003__2018-09-28T20_42_19-Measurement_5","r01c16f02p07-ch1sk1fk1fl1","07"
"r01c16f03p07-ch1sk1fk1fl1.tiff","/home/ubuntu/bucket/inbox/000012045003__2018-09-28T20_42_19-Measurement_5/Images","f03","ch1","000012045003__2018-09-28T20_42_19-Measurement_5","r01c16f03p07-ch1sk1fk1fl1","07"
"r01c16f04p07-ch1sk1fk1fl1.tiff","/home/ubuntu/bucket/inbox/000012045003__2018-09-28T20_42_19-Measurement_5/Images","f04","ch1","000012045003__2018-09-28T20_42_19-Measurement_5","r01c16f04p07-ch1sk1fk1fl1","07"
"r01c16f05p07-ch1sk1fk1fl1.tiff","/home/ubuntu/bucket/inbox/000012045003__2018-09-28T20_42_19-Measurement_5/Images","f05","ch1","000012045003__2018-09-28T20_42_19-Measurement_5","r01c16f05p07-ch1sk1fk1fl1","07"
"r01c17f01p07-ch1sk1fk1fl1.tiff","/home/ubuntu/bucket/inbox/000012045003__2018-09-28T20_42_19-Measurement_5/Images","f01","ch1","000012045003__2018-09-28T20_42_19-Measurement_5","r01c17f01p07-ch1sk1fk1fl1","07"
"r01c17f02p07-ch1sk1fk1fl1.tiff","/home/ubuntu/bucket/inbox/000012045003__2018-09-28T20_42_19-Measurement_5/Images","f02","ch1","000012045003__2018-09-28T20_42_19-Measurement_5","r01c17f02p07-ch1sk1fk1fl1","07"
"r01c17f03p07-ch1sk1fk1fl1.tiff","/home/ubuntu/bucket/inbox/000012045003__2018-09-28T20_42_19-Measurement_5/Images","f03","ch1","000012045003__2018-09-28T20_42_19-Measurement_5","r01c17f03p07-ch1sk1fk1fl1","07"
"r01c17f04p07-ch1sk1fk1fl1.tiff","/home/ubuntu/bucket/inbox/000012045003__2018-09-28T20_42_19-Measurement_5/Images","f04","ch1","000012045003__2018-09-28T20_42_19-Measurement_5","r01c17f04p07-ch1sk1fk1fl1","07"
"r01c17f05p07-ch1sk1fk1fl1.tiff","/home/ubuntu/bucket/inbox/000012045003__2018-09-28T20_42_19-Measurement_5/Images","f05","ch1","000012045003__2018-09-28T20_42_19-Measurement_5","r01c17f05p07-ch1sk1fk1fl1","07"
"r01c18f01p07-ch1sk1fk1fl1.tiff","/home/ubuntu/bucket/inbox/000012045003__2018-09-28T20_42_19-Measurement_5/Images","f01","ch1","000012045003__2018-09-28T20_42_19-Measurement_5","r01c18f01p07-ch1sk1fk1fl1","07"
"r01c18f02p07-ch1sk1fk1fl1.tiff","/home/ubuntu/bucket/inbox/000012045003__2018-09-28T20_42_19-Measurement_5/Images","f02","ch1","000012045003__2018-09-28T20_42_19-Measurement_5","r01c18f02p07-ch1sk1fk1fl1","07"
"r01c18f03p07-ch1sk1fk1fl1.tiff","/home/ubuntu/bucket/inbox/000012045003__2018-09-28T20_42_19-Measurement_5/Images","f03","ch1","000012045003__2018-09-28T20_42_19-Measurement_5","r01c18f03p07-ch1sk1fk1fl1","07"
"r01c18f04p07-ch1sk1fk1fl1.tiff","/home/ubuntu/bucket/inbox/000012045003__2018-09-28T20_42_19-Measurement_5/Images","f04","ch1","000012045003__2018-09-28T20_42_19-Measurement_5","r01c18f04p07-ch1sk1fk1fl1","07"
"r01c18f05p07-ch1sk1fk1fl1.tiff","/home/ubuntu/bucket/inbox/000012045003__2018-09-28T20_42_19-Measurement_5/Images","f05","ch1","000012045003__2018-09-28T20_42_19-Measurement_5","r01c18f05p07-ch1sk1fk1fl1","07"
"r01c19f01p07-ch1sk1fk1fl1.tiff","/home/ubuntu/bucket/inbox/000012045003__2018-09-28T20_42_19-Measurement_5/Images","f01","ch1","000012045003__2018-09-28T20_42_19-Measurement_5","r01c19f01p07-ch1sk1fk1fl1","07"
"r01c19f02p07-ch1sk1fk1fl1.tiff","/home/ubuntu/bucket/inbox/000012045003__2018-09-28T20_42_19-Measurement_5/Images","f02","ch1","000012045003__2018-09-28T20_42_19-Measurement_5","r01c19f02p07-ch1sk1fk1fl1","07"
"r01c19f03p07-ch1sk1fk1fl1.tiff","/home/ubuntu/bucket/inbox/000012045003__2018-09-28T20_42_19-Measurement_5/Images","f03","ch1","000012045003__2018-09-28T20_42_19-Measurement_5","r01c19f03p07-ch1sk1fk1fl1","07"
"r01c19f04p07-ch1sk1fk1fl1.tiff","/home/ubuntu/bucket/inbox/000012045003__2018-09-28T20_42_19-Measurement_5/Images","f04","ch1","000012045003__2018-09-28T20_42_19-Measurement_5","r01c19f04p07-ch1sk1fk1fl1","07"
"r01c19f05p07-ch1sk1fk1fl1.tiff","/home/ubuntu/bucket/inbox/000012045003__2018-09-28T20_42_19-Measurement_5/Images","f05","ch1","000012045003__2018-09-28T20_42_19-Measurement_5","r01c19f05p07-ch1sk1fk1fl1","07"
"r01c20f01p07-ch1sk1fk1fl1.tiff","/home/ubuntu/bucket/inbox/000012045003__2018-09-28T20_42_19-Measurement_5/Images","f01","ch1","000012045003__2018-09-28T20_42_19-Measurement_5","r01c20f01p07-ch1sk1fk1fl1","07"
"r01c20f02p07-ch1sk1fk1fl1.tiff","/home/ubuntu/bucket/inbox/000012045003__2018-09-28T20_42_19-Measurement_5/Images","f02","ch1","000012045003__2018-09-28T20_42_19-Measurement_5","r01c20f02p07-ch1sk1fk1fl1","07"
"r01c20f03p07-ch1sk1fk1fl1.tiff","/home/ubuntu/bucket/inbox/000012045003__2018-09-28T20_42_19-Measurement_5/Images","f03","ch1","000012045003__2018-09-28T20_42_19-Measurement_5","r01c20f03p07-ch1sk1fk1fl1","07"
"r01c20f04p07-ch1sk1fk1fl1.tiff","/home/ubuntu/bucket/inbox/000012045003__2018-09-28T20_42_19-Measurement_5/Images","f04","ch1","000012045003__2018-09-28T20_42_19-Measurement_5","r01c20f04p07-ch1sk1fk1fl1","07"
"r01c21f01p07-ch1sk1fk1fl1.tiff","/home/ubuntu/bucket/inbox/000012045003__2018-09-28T20_42_19-Measurement_5/Images","f01","ch1","000012045003__2018-09-28T20_42_19-Measurement_5","r01c21f01p07-ch1sk1fk1fl1","07"
"r01c21f02p07-ch1sk1fk1fl1.tiff","/home/ubuntu/bucket/inbox/000012045003__2018-09-28T20_42_19-Measurement_5/Images","f02","ch1","000012045003__2018-09-28T20_42_19-Measurement_5","r01c21f02p07-ch1sk1fk1fl1","07"
"r01c21f03p07-ch1sk1fk1fl1.tiff","/home/ubuntu/bucket/inbox/000012045003__2018-09-28T20_42_19-Measurement_5/Images","f03","ch1","000012045003__2018-09-28T20_42_19-Measurement_5","r01c21f03p07-ch1sk1fk1fl1","07"
"r01c21f04p07-ch1sk1fk1fl1.tiff","/home/ubuntu/bucket/inbox/000012045003__2018-09-28T20_42_19-Measurement_5/Images","f04","ch1","000012045003__2018-09-28T20_42_19-Measurement_5","r01c21f04p07-ch1sk1fk1fl1","07"
"r01c21f05p07-ch1sk1fk1fl1.tiff","/home/ubuntu/bucket/inbox/000012045003__2018-09-28T20_42_19-Measurement_5/Images","f05","ch1","000012045003__2018-09-28T20_42_19-Measurement_5","r01c21f05p07-ch1sk1fk1fl1","07"
"r01c22f02p07-ch1sk1fk1fl1.tiff","/home/ubuntu/bucket/inbox/000012045003__2018-09-28T20_42_19-Measurement_5/Images","f02","ch1","000012045003__2018-09-28T20_42_19-Measurement_5","r01c22f02p07-ch1sk1fk1fl1","07"
"r01c22f04p07-ch1sk1fk1fl1.tiff","/home/ubuntu/bucket/inbox/000012045003__2018-09-28T20_42_19-Measurement_5/Images","f04","ch1","000012045003__2018-09-28T20_42_19-Measurement_5","r01c22f04p07-ch1sk1fk1fl1","07"
"r01c22f05p07-ch1sk1fk1fl1.tiff","/home/ubuntu/bucket/inbox/000012045003__2018-09-28T20_42_19-Measurement_5/Images","f05","ch1","000012045003__2018-09-28T20_42_19-Measurement_5","r01c22f05p07-ch1sk1fk1fl1","07"
"r01c23f01p07-ch1sk1fk1fl1.tiff","/home/ubuntu/bucket/inbox/000012045003__2018-09-28T20_42_19-Measurement_5/Images","f01","ch1","000012045003__2018-09-28T20_42_19-Measurement_5","r01c23f01p07-ch1sk1fk1fl1","07"
"r01c23f02p07-ch1sk1fk1fl1.tiff","/home/ubuntu/bucket/inbox/000012045003__2018-09-28T20_42_19-Measurement_5/Images","f02","ch1","000012045003__2018-09-28T20_42_19-Measurement_5","r01c23f02p07-ch1sk1fk1fl1","07"
"r01c23f03p07-ch1sk1fk1fl1.tiff","/home/ubuntu/bucket/inbox/000012045003__2018-09-28T20_42_19-Measurement_5/Images","f03","ch1","000012045003__2018-09-28T20_42_19-Measurement_5","r01c23f03p07-ch1sk1fk1fl1","07"
"r01c23f04p07-ch1sk1fk1fl1.tiff","/home/ubuntu/bucket/inbox/000012045003__2018-09-28T20_42_19-Measurement_5/Images","f04","ch1","000012045003__2018-09-28T20_42_19-Measurement_5","r01c23f04p07-ch1sk1fk1fl1","07"
"r01c23f05p07-ch1sk1fk1fl1.tiff","/home/ubuntu/bucket/inbox/000012045003__2018-09-28T20_42_19-Measurement_5/Images","f05","ch1","000012045003__2018-09-28T20_42_19-Measurement_5","r01c23f05p07-ch1sk1fk1fl1","07"
"r01c24f01p07-ch1sk1fk1fl1.tiff","/home/ubuntu/bucket/inbox/000012045003__2018-09-28T20_42_19-Measurement_5/Images","f01","ch1","000012045003__2018-09-28T20_42_19-Measurement_5","r01c24f01p07-ch1sk1fk1fl1","07"
"r01c24f02p07-ch1sk1fk1fl1.tiff","/home/ubuntu/bucket/inbox/000012045003__2018-09-28T20_42_19-Measurement_5/Images","f02","ch1","000012045003__2018-09-28T20_42_19-Measurement_5","r01c24f02p07-ch1sk1fk1fl1","07"
"r01c24f03p07-ch1sk1fk1fl1.tiff","/home/ubuntu/bucket/inbox/000012045003__2018-09-28T20_42_19-Measurement_5/Images","f03","ch1","000012045003__2018-09-28T20_42_19-Measurement_5","r01c24f03p07-ch1sk1fk1fl1","07"
"r01c24f04p07-ch1sk1fk1fl1.tiff","/home/ubuntu/bucket/inbox/000012045003__2018-09-28T20_42_19-Measurement_5/Images","f04","ch1","000012045003__2018-09-28T20_42_19-Measurement_5","r01c24f04p07-ch1sk1fk1fl1","07"
"r01c24f05p07-ch1sk1fk1fl1.tiff","/home/ubuntu/bucket/inbox/000012045003__2018-09-28T20_42_19-Measurement_5/Images","f05","ch1","000012045003__2018-09-28T20_42_19-Measurement_5","r01c24f05p07-ch1sk1fk1fl1","07"
"r02c01f01p07-ch1sk1fk1fl1.tiff","/home/ubuntu/bucket/inbox/000012045003__2018-09-28T20_42_19-Measurement_5/Images","f01","ch1","000012045003__2018-09-28T20_42_19-Measurement_5","r02c01f01p07-ch1sk1fk1fl1","07"
"r02c01f02p07-ch1sk1fk1fl1.tiff","/home/ubuntu/bucket/inbox/000012045003__2018-09-28T20_42_19-Measurement_5/Images","f02","ch1","000012045003__2018-09-28T20_42_19-Measurement_5","r02c01f02p07-ch1sk1fk1fl1","07"
"r02c01f03p07-ch1sk1fk1fl1.tiff","/home/ubuntu/bucket/inbox/000012045003__2018-09-28T20_42_19-Measurement_5/Images","f03","ch1","000012045003__2018-09-28T20_42_19-Measurement_5","r02c01f03p07-ch1sk1fk1fl1","07"
"r02c01f04p07-ch1sk1fk1fl1.tiff","/home/ubuntu/bucket/inbox/000012045003__2018-09-28T20_42_19-Measurement_5/Images","f04","ch1","000012045003__2018-09-28T20_42_19-Measurement_5","r02c01f04p07-ch1sk1fk1fl1","07"
"r02c01f05p07-ch1sk1fk1fl1.tiff","/home/ubuntu/bucket/inbox/000012045003__2018-09-28T20_42_19-Measurement_5/Images","f05","ch1","000012045003__2018-09-28T20_42_19-Measurement_5","r02c01f05p07-ch1sk1fk1fl1","07"
"r02c02f01p07-ch1sk1fk1fl1.tiff","/home/ubuntu/bucket/inbox/000012045003__2018-09-28T20_42_19-Measurement_5/Images","f01","ch1","000012045003__2018-09-28T20_42_19-Measurement_5","r02c02f01p07-ch1sk1fk1fl1","07"
"r02c02f02p07-ch1sk1fk1fl1.tiff","/home/ubuntu/bucket/inbox/000012045003__2018-09-28T20_42_19-Measurement_5/Images","f02","ch1","000012045003__2018-09-28T20_42_19-Measurement_5","r02c02f02p07-ch1sk1fk1fl1","07"
"r02c02f03p07-ch1sk1fk1fl1.tiff","/home/ubuntu/bucket/inbox/000012045003__2018-09-28T20_42_19-Measurement_5/Images","f03","ch1","000012045003__2018-09-28T20_42_19-Measurement_5","r02c02f03p07-ch1sk1fk1fl1","07"
"r02c02f04p07-ch1sk1fk1fl1.tiff","/home/ubuntu/bucket/inbox/000012045003__2018-09-28T20_42_19-Measurement_5/Images","f04","ch1","000012045003__2018-09-28T20_42_19-Measurement_5","r02c02f04p07-ch1sk1fk1fl1","07"
"r02c02f05p07-ch1sk1fk1fl1.tiff","/home/ubuntu/bucket/inbox/000012045003__2018-09-28T20_42_19-Measurement_5/Images","f05","ch1","000012045003__2018-09-28T20_42_19-Measurement_5","r02c02f05p07-ch1sk1fk1fl1","07"
"r02c03f01p07-ch1sk1fk1fl1.tiff","/home/ubuntu/bucket/inbox/000012045003__2018-09-28T20_42_19-Measurement_5/Images","f01","ch1","000012045003__2018-09-28T20_42_19-Measurement_5","r02c03f01p07-ch1sk1fk1fl1","07"
"r02c03f02p07-ch1sk1fk1fl1.tiff","/home/ubuntu/bucket/inbox/000012045003__2018-09-28T20_42_19-Measurement_5/Images","f02","ch1","000012045003__2018-09-28T20_42_19-Measurement_5","r02c03f02p07-ch1sk1fk1fl1","07"
"r02c03f03p07-ch1sk1fk1fl1.tiff","/home/ubuntu/bucket/inbox/000012045003__2018-09-28T20_42_19-Measurement_5/Images","f03","ch1","000012045003__2018-09-28T20_42_19-Measurement_5","r02c03f03p07-ch1sk1fk1fl1","07"
"r02c03f04p07-ch1sk1fk1fl1.tiff","/home/ubuntu/bucket/inbox/000012045003__2018-09-28T20_42_19-Measurement_5/Images","f04","ch1","000012045003__2018-09-28T20_42_19-Measurement_5","r02c03f04p07-ch1sk1fk1fl1","07"
"r02c03f05p07-ch1sk1fk1fl1.tiff","/home/ubuntu/bucket/inbox/000012045003__2018-09-28T20_42_19-Measurement_5/Images","f05","ch1","000012045003__2018-09-28T20_42_19-Measurement_5","r02c03f05p07-ch1sk1fk1fl1","07"
